Student_ID,Name,Gender,City,Course,Subject,Marks,Attendance (%),Study_Hours,Semester,Target
1,Student_1,Male,Kolkata,BBA,English,,77,3.9,6,1
2,Student_2,Female,Mumbai,BTech,English,,99,1.3,3,2
3,Student_3,Male,Mumbai,BBA,Maths,,92,5.2,2,3
4,Student_4,Male,Mumbai,BCom,Computer,,71,1.9,4,4
5,Student_5,Male,Bangalore,BSc,Economics,,67,4.6,2,5
6,Student_6,Female,Chennai,BTech,Maths,,83,4.9,6,6
7,Student_7,Male,Bangalore,BCom,Maths,,75,4.6,5,7
8,Student_8,Male,Chennai,BCom,Computer,,63,3.9,1,8
9,Student_9,Male,Bangalore,BTech,Computer,,97,1.1,3,9
10,Student_10,Female,Bangalore,BBA,English,,86,2.8,5,10
11,Student_11,Male,Kolkata,BCom,Computer,,68,4,4,11
12,Student_12,Male,Delhi,BA,English,,75,2.9,5,12
13,Student_13,Male,Bangalore,BCom,Maths,,71,5.3,5,13
14,Student_14,Male,Kolkata,BBA,Science,,90,2.5,4,14
15,Student_15,Female,Pune,BBA,Economics,,83,2.5,5,15
16,Student_16,Male,Delhi,BA,Maths,99,73,2.3,3,16
17,Student_17,Female,Bangalore,BCom,Computer,83,84,2.7,6,17
18,Student_18,Female,Mumbai,BBA,Economics,,93,3.8,2,18
19,Student_19,Female,Pune,BTech,Science,,62,4.5,5,19
20,Student_20,Male,Pune,BSc,Science,,83,4.3,3,20
21,Student_21,Female,Kolkata,BSc,English,94,68,5,2,21
22,Student_22,Male,Pune,BSc,Economics,,85,5.4,2,22
23,Student_23,Female,Delhi,BCom,English,,79,5.1,5,23
24,Student_24,Female,Bangalore,BA,Maths,65,99,1.1,3,24
25,Student_25,Female,Bangalore,BBA,Economics,80,69,4.7,6,25
26,Student_26,Female,Mumbai,BTech,Maths,,78,2,5,26
27,Student_27,Female,Kolkata,BTech,English,39,62,1.7,4,27
28,Student_28,Female,Mumbai,BCom,Economics,,83,4.2,2,28
29,Student_29,Female,Pune,BSc,English,,64,2.6,5,29
30,Student_30,Female,Mumbai,BCom,Economics,67,62,1.3,2,30
31,Student_31,Male,Delhi,BA,English,,86,1.7,3,31
32,Student_32,Male,Bangalore,BA,Science,72,75,1,1,32
33,Student_33,Female,Pune,BBA,English,61,74,5.5,5,33
34,Student_34,Female,Mumbai,BBA,Science,49,94,1.1,6,34
35,Student_35,Female,Kolkata,BA,English,95,71,2,5,35
36,Student_36,Male,Delhi,BA,Economics,55,85,3.1,2,36
37,Student_37,Female,Delhi,BA,Economics,80,93,2.8,3,37
38,Student_38,Male,Mumbai,BCom,Economics,40,82,5.6,4,38
39,Student_39,Male,Bangalore,BA,Computer,72,90,1.2,6,39
40,Student_40,Male,Mumbai,BTech,Maths,96,79,3.6,3,40
41,Student_41,Male,Pune,BSc,Economics,96,71,4.4,5,41
42,Student_42,Male,Mumbai,BA,Science,80,82,5.7,4,42
43,Student_43,Female,Delhi,BSc,Economics,47,63,4.1,3,43
44,Student_44,Female,Mumbai,BCom,Computer,37,82,5,1,44
45,Student_45,Female,Bangalore,BSc,Science,40,60,1.4,6,45
46,Student_46,Female,Kolkata,BCom,Computer,42,84,2.9,2,46
47,Student_47,Female,Chennai,BTech,Science,78,61,2.9,3,47
48,Student_48,Male,Mumbai,BCom,English,67,89,5.4,3,48
49,Student_49,Female,Bangalore,BCom,Maths,,62,1.8,1,49
50,Student_50,Female,Bangalore,BBA,Maths,,80,1.8,5,50
51,Student_51,Male,Kolkata,BA,Computer,,84,2.6,6,51
52,Student_52,Female,Delhi,BA,Maths,75,79,1.3,6,52
53,Student_53,Male,Bangalore,BTech,Computer,50,81,1.9,2,53
54,Student_54,Female,Bangalore,BTech,Computer,82,80,5.8,3,54
55,Student_55,Male,Bangalore,BA,Computer,90,92,3.1,4,55
56,Student_56,Female,Bangalore,BBA,Maths,98,97,4.2,3,56
57,Student_57,Female,Pune,BA,Computer,,74,4.6,2,57
58,Student_58,Male,Pune,BBA,Maths,96,74,2.8,3,58
59,Student_59,Male,Delhi,BTech,Computer,,84,1.7,1,59
60,Student_60,Male,Mumbai,BSc,Economics,52,80,2,3,60
61,Student_61,Male,Bangalore,BTech,Computer,53,83,2.6,3,61
62,Student_62,Male,Kolkata,BTech,Science,89,64,4.2,4,62
63,Student_63,Male,Mumbai,BCom,Computer,,65,3,1,63
64,Student_64,Male,Kolkata,BCom,English,40,82,1,1,64
65,Student_65,Male,Mumbai,BCom,Computer,38,63,3.6,3,65
66,Student_66,Female,Delhi,BCom,Science,63,86,5.6,6,66
67,Student_67,Female,Bangalore,BBA,Science,,77,5.1,4,67
68,Student_68,Male,Bangalore,BA,Maths,,80,5.1,3,68
69,Student_69,Female,Chennai,BSc,Economics,77,87,5,3,69
70,Student_70,Female,Kolkata,BTech,Computer,68,94,2.6,2,70
71,Student_71,Female,Mumbai,BBA,Maths,42,81,4.8,2,71
72,Student_72,Female,Mumbai,BSc,Economics,47,99,1.7,6,72
73,Student_73,Male,Pune,BBA,Computer,42,82,4.3,4,73
74,Student_74,Female,Chennai,BBA,English,99,62,4.2,5,74
75,Student_75,Male,Pune,BTech,Computer,77,99,1.1,2,75
76,Student_76,Female,Pune,BA,Science,73,69,4.9,5,76
77,Student_77,Female,Pune,BCom,Science,,84,5.5,1,77
78,Student_78,Female,Kolkata,BA,English,78,67,2.3,2,78
79,Student_79,Male,Kolkata,BTech,Maths,43,70,5.1,2,79
80,Student_80,Female,Delhi,BTech,Economics,71,64,1.4,4,80
81,Student_81,Male,Delhi,BTech,Computer,70,96,4,6,81
82,Student_82,Female,Pune,BSc,Science,,97,3.4,5,82
83,Student_83,Male,Chennai,BA,Maths,76,88,3.7,2,83
84,Student_84,Female,Mumbai,BA,English,77,64,5.6,2,84
85,Student_85,Male,Kolkata,BBA,Science,76,68,5.4,4,85
86,Student_86,Male,Chennai,BBA,English,89,61,4.9,4,86
87,Student_87,Female,Bangalore,BBA,Computer,82,60,2.4,6,87
88,Student_88,Male,Kolkata,BTech,Economics,56,99,5.6,5,88
89,Student_89,Female,Kolkata,BA,Science,61,89,1.5,1,89
90,Student_90,Female,Delhi,BTech,Science,47,70,5.3,6,90
91,Student_91,Female,Mumbai,BSc,Computer,,87,2.6,1,91
92,Student_92,Female,Mumbai,BBA,Maths,,71,1.3,3,92
93,Student_93,Female,Bangalore,BTech,Economics,43,98,4.3,2,93
94,Student_94,Female,Bangalore,BTech,Science,,85,2.2,5,94
95,Student_95,Female,Kolkata,BSc,Economics,61,72,2.2,6,95
96,Student_96,Female,Pune,BCom,Science,68,67,2.5,2,96
97,Student_97,Female,Delhi,BA,Economics,35,87,1.3,5,97
98,Student_98,Female,Delhi,BCom,English,,89,1.9,5,98
99,Student_99,Female,Kolkata,BBA,Science,54,68,1,5,99
100,Student_100,Male,Chennai,BTech,Economics,69,98,3.2,2,100
101,Student_101,Male,Pune,BSc,Maths,,90,1.4,6,101
102,Student_102,Female,Kolkata,BSc,English,52,80,4.4,4,102
103,Student_103,Female,Pune,BA,English,,93,2.2,2,103
104,Student_104,Female,Pune,BCom,Maths,,90,5.7,5,104
105,Student_105,Female,Pune,BA,Economics,99,84,5.4,6,105
106,Student_106,Female,Kolkata,BTech,Computer,35,71,2.4,3,106
107,Student_107,Female,Delhi,BA,Maths,92,60,4.9,1,107
108,Student_108,Female,Delhi,BSc,Economics,,81,5,5,108
109,Student_109,Female,Pune,BSc,Maths,54,99,5.9,3,109
110,Student_110,Male,Chennai,BBA,Maths,,96,4,4,110
111,Student_111,Female,Mumbai,BBA,Science,,60,1.4,5,111
112,Student_112,Male,Kolkata,BTech,Economics,75,60,4.2,3,112
113,Student_113,Female,Mumbai,BCom,Computer,39,80,4.1,5,113
114,Student_114,Female,Chennai,BA,Science,99,74,4.2,2,114
115,Student_115,Male,Kolkata,BTech,Maths,,76,2.5,6,115
116,Student_116,Female,Pune,BBA,Maths,56,81,5.3,3,116
117,Student_117,Male,Delhi,BA,Maths,75,97,5.8,6,117
118,Student_118,Female,Mumbai,BBA,Economics,,94,2.1,2,118
119,Student_119,Female,Bangalore,BA,Economics,90,75,1.4,2,119
120,Student_120,Male,Bangalore,BCom,Science,85,67,2,6,120
121,Student_121,Female,Chennai,BTech,Computer,55,76,5.1,3,121
122,Student_122,Male,Pune,BA,Science,,76,4.4,6,122
123,Student_123,Female,Mumbai,BSc,English,53,85,4.2,6,123
124,Student_124,Male,Pune,BSc,Maths,94,72,3,1,124
125,Student_125,Male,Mumbai,BA,Maths,,76,3.9,3,125
126,Student_126,Female,Chennai,BA,Maths,,97,2.5,1,126
127,Student_127,Female,Chennai,BA,Science,74,76,3.4,5,127
128,Student_128,Male,Bangalore,BSc,Science,39,73,5,6,128
129,Student_129,Female,Pune,BSc,Maths,55,65,5.9,5,129
130,Student_130,Female,Kolkata,BA,Science,38,94,5.7,3,130
131,Student_131,Female,Bangalore,BBA,Economics,57,73,5.7,6,131
132,Student_132,Male,Pune,BBA,Economics,49,67,3,5,132
133,Student_133,Male,Bangalore,BCom,Science,42,74,3.3,4,133
134,Student_134,Male,Kolkata,BTech,Maths,75,86,4.5,2,134
135,Student_135,Male,Delhi,BBA,Science,53,72,5.6,6,135
136,Student_136,Male,Delhi,BSc,Science,80,90,1.7,2,136
137,Student_137,Male,Delhi,BBA,Science,,94,2.5,1,137
138,Student_138,Male,Delhi,BCom,English,49,65,1.7,5,138
139,Student_139,Male,Mumbai,BCom,Economics,71,64,4.1,1,139
140,Student_140,Male,Delhi,BTech,Computer,35,81,2.5,6,140
141,Student_141,Female,Kolkata,BBA,Computer,58,82,2.6,2,141
142,Student_142,Male,Chennai,BSc,English,61,84,1.4,2,142
143,Student_143,Female,Chennai,BSc,Science,74,93,2.7,5,143
144,Student_144,Female,Mumbai,BA,English,97,85,5.3,6,144
145,Student_145,Female,Delhi,BSc,English,95,64,2.2,4,145
146,Student_146,Male,Delhi,BTech,Maths,70,85,4.5,4,146
147,Student_147,Male,Delhi,BTech,Economics,58,79,4.1,5,147
148,Student_148,Male,Bangalore,BSc,Computer,58,65,5.3,6,148
149,Student_149,Male,Pune,BSc,Science,38,65,1.7,5,149
150,Student_150,Female,Bangalore,BA,Computer,68,77,5.9,6,150
151,Student_151,Male,Pune,BSc,Computer,,63,3.9,1,151
152,Student_152,Male,Delhi,BA,Economics,83,76,6,5,152
153,Student_153,Male,Delhi,BA,Computer,,73,5.6,6,153
154,Student_154,Male,Bangalore,BSc,Computer,57,73,2.1,4,154
155,Student_155,Male,Bangalore,BCom,English,,72,1.3,6,155
156,Student_156,Female,Pune,BCom,Economics,96,66,2.3,6,156
157,Student_157,Male,Chennai,BA,Maths,75,74,3.6,5,157
158,Student_158,Female,Pune,BSc,Science,,78,1.9,1,158
159,Student_159,Male,Bangalore,BCom,Computer,94,94,1.8,1,159
160,Student_160,Female,Kolkata,BSc,Science,,76,3.3,1,160
161,Student_161,Male,Bangalore,BSc,Maths,,94,1.2,1,161
162,Student_162,Male,Kolkata,BSc,Science,,78,1.6,3,162
163,Student_163,Female,Mumbai,BBA,Maths,74,79,3.1,5,163
164,Student_164,Female,Bangalore,BSc,English,41,95,1.3,2,164
165,Student_165,Female,Mumbai,BBA,Computer,72,94,3,5,165
166,Student_166,Male,Chennai,BA,Maths,95,91,3.4,3,166
167,Student_167,Female,Pune,BCom,Science,37,99,3.3,1,167
168,Student_168,Male,Kolkata,BCom,Computer,85,83,5.3,3,168
169,Student_169,Male,Pune,BCom,English,,76,3.7,4,169
170,Student_170,Female,Mumbai,BCom,Computer,72,66,3.3,4,170
171,Student_171,Female,Kolkata,BCom,Maths,70,60,3.1,5,171
172,Student_172,Male,Pune,BCom,English,75,94,5.1,5,172
173,Student_173,Male,Bangalore,BCom,Science,47,91,5.5,2,173
174,Student_174,Female,Delhi,BA,English,92,95,5.3,2,174
175,Student_175,Female,Mumbai,BSc,English,,72,4.4,4,175
176,Student_176,Female,Pune,BTech,Economics,64,65,1.7,1,176
177,Student_177,Male,Mumbai,BBA,English,96,73,2.4,3,177
178,Student_178,Male,Mumbai,BTech,English,,96,1.2,2,178
179,Student_179,Male,Kolkata,BTech,Computer,61,74,5.7,6,179
180,Student_180,Male,Kolkata,BSc,Science,85,63,4.3,2,180
181,Student_181,Male,Delhi,BSc,Computer,,99,4.7,1,181
182,Student_182,Male,Bangalore,BSc,Computer,,75,2.6,1,182
183,Student_183,Female,Mumbai,BCom,Maths,73,87,5.2,5,183
184,Student_184,Male,Pune,BA,Computer,50,75,2.3,3,184
185,Student_185,Male,Chennai,BCom,Economics,56,63,1,1,185
186,Student_186,Male,Mumbai,BA,Economics,,85,2.9,2,186
187,Student_187,Female,Mumbai,BA,Maths,55,87,3.9,2,187
188,Student_188,Male,Delhi,BTech,Science,50,91,3.4,4,188
189,Student_189,Male,Bangalore,BTech,Science,,61,5.3,1,189
190,Student_190,Female,Chennai,BA,Computer,65,90,1.5,6,190
191,Student_191,Male,Kolkata,BA,Computer,76,62,3.8,5,191
192,Student_192,Male,Kolkata,BCom,Computer,,67,3.6,3,192
193,Student_193,Male,Pune,BCom,Science,,83,2.4,6,193
194,Student_194,Male,Chennai,BTech,English,68,74,5.1,5,194
195,Student_195,Male,Kolkata,BSc,Economics,43,90,4.8,2,195
196,Student_196,Female,Pune,BA,English,,68,4.7,6,196
197,Student_197,Female,Bangalore,BCom,English,,98,5.4,5,197
198,Student_198,Female,Pune,BTech,Science,,61,4.6,2,198
199,Student_199,Male,Kolkata,BCom,English,82,67,2.2,2,199
200,Student_200,Male,Delhi,BA,Maths,,66,4.5,2,200
201,Student_201,Male,Delhi,BA,Computer,,98,2.5,2,201
202,Student_202,Female,Delhi,BBA,Maths,55,75,2.2,2,202
203,Student_203,Male,Kolkata,BSc,Economics,99,94,1.4,4,203
204,Student_204,Male,Delhi,BBA,Computer,97,89,4.7,6,204
205,Student_205,Female,Chennai,BTech,English,85,69,4.6,5,205
206,Student_206,Male,Bangalore,BCom,Economics,70,97,2.2,4,206
207,Student_207,Female,Pune,BTech,Computer,49,77,4.7,4,207
208,Student_208,Female,Pune,BA,English,73,64,5.6,1,208
209,Student_209,Female,Kolkata,BBA,Maths,35,88,1.5,1,209
210,Student_210,Male,Delhi,BBA,Computer,57,98,2.2,1,210
211,Student_211,Male,Delhi,BBA,English,73,93,4.8,3,211
212,Student_212,Male,Mumbai,BTech,Maths,,82,2.4,1,212
213,Student_213,Male,Bangalore,BA,Economics,68,64,4.1,5,213
214,Student_214,Male,Chennai,BCom,Economics,75,89,1.4,4,214
215,Student_215,Male,Pune,BCom,Economics,47,65,3.3,5,215
216,Student_216,Male,Mumbai,BTech,Economics,40,63,4.7,6,216
217,Student_217,Female,Mumbai,BBA,Science,,88,4.4,1,217
218,Student_218,Male,Kolkata,BSc,Computer,37,82,5.1,3,218
219,Student_219,Female,Pune,BTech,Computer,97,65,5.4,6,219
220,Student_220,Male,Kolkata,BTech,Science,83,91,4.9,3,220
221,Student_221,Male,Chennai,BA,English,,77,4.4,6,221
222,Student_222,Male,Mumbai,BCom,English,89,74,1.2,4,222
223,Student_223,Female,Mumbai,BTech,Economics,98,99,3.7,5,223
224,Student_224,Female,Bangalore,BTech,Maths,99,91,1.2,2,224
225,Student_225,Female,Chennai,BBA,English,49,68,5,5,225
226,Student_226,Female,Mumbai,BBA,Maths,,96,2.6,1,226
227,Student_227,Male,Chennai,BSc,Computer,52,69,3.8,2,227
228,Student_228,Female,Pune,BA,Maths,77,79,2.4,3,228
229,Student_229,Male,Delhi,BSc,Computer,69,65,4.9,4,229
230,Student_230,Male,Mumbai,BBA,Science,92,62,5.4,4,230
231,Student_231,Female,Bangalore,BCom,Science,67,70,3,3,231
232,Student_232,Female,Pune,BBA,Economics,48,76,5.3,1,232
233,Student_233,Female,Chennai,BA,English,68,91,2.3,3,233
234,Student_234,Female,Kolkata,BBA,Economics,95,63,3.7,6,234
235,Student_235,Female,Pune,BA,Computer,38,63,5.3,1,235
236,Student_236,Female,Mumbai,BA,Economics,,76,2.6,2,236
237,Student_237,Female,Chennai,BA,Maths,63,78,5.8,3,237
238,Student_238,Female,Delhi,BA,Computer,40,64,1.6,1,238
239,Student_239,Male,Pune,BA,Science,83,91,1.1,2,239
240,Student_240,Female,Mumbai,BCom,English,74,81,5.5,3,240
241,Student_241,Female,Bangalore,BSc,Computer,99,65,1.3,4,241
242,Student_242,Male,Kolkata,BTech,Computer,61,94,6,3,242
243,Student_243,Female,Chennai,BSc,Maths,40,81,5.8,5,243
244,Student_244,Male,Pune,BA,English,47,60,1.7,3,244
245,Student_245,Male,Pune,BCom,Science,98,79,3.7,5,245
246,Student_246,Female,Delhi,BBA,Computer,96,81,1.9,2,246
247,Student_247,Male,Delhi,BCom,Computer,53,70,3.1,3,247
248,Student_248,Male,Bangalore,BA,Maths,77,72,1.3,2,248
249,Student_249,Male,Kolkata,BCom,Economics,54,62,2.1,2,249
250,Student_250,Male,Bangalore,BCom,Science,78,68,2.8,1,250
251,Student_251,Female,Mumbai,BA,English,57,71,3.2,2,251
252,Student_252,Male,Mumbai,BCom,Computer,36,82,5.9,2,252
253,Student_253,Female,Bangalore,BTech,Computer,56,73,5,3,253
254,Student_254,Male,Kolkata,BTech,Science,,92,4.7,3,254
255,Student_255,Male,Bangalore,BCom,Economics,41,77,3.7,4,255
256,Student_256,Male,Kolkata,BBA,Computer,90,68,5.2,1,256
257,Student_257,Male,Kolkata,BA,Science,50,82,2.7,2,257
258,Student_258,Female,Chennai,BTech,Maths,85,69,4.5,1,258
259,Student_259,Female,Kolkata,BBA,Economics,46,78,6,5,259
260,Student_260,Male,Delhi,BCom,English,,64,2.6,2,260
261,Student_261,Male,Kolkata,BBA,Computer,39,82,4.4,1,261
262,Student_262,Female,Kolkata,BSc,Science,61,89,5.2,4,262
263,Student_263,Male,Kolkata,BTech,Maths,46,84,5.6,4,263
264,Student_264,Male,Mumbai,BCom,English,,87,4.6,2,264
265,Student_265,Male,Delhi,BA,Science,40,93,2.4,5,265
266,Student_266,Female,Delhi,BCom,Science,39,84,2.6,4,266
267,Student_267,Female,Bangalore,BA,English,,69,1.1,4,267
268,Student_268,Female,Chennai,BCom,Maths,,73,4.8,5,268
269,Student_269,Male,Kolkata,BBA,Maths,,89,1.2,1,269
270,Student_270,Male,Pune,BBA,Economics,67,84,5.3,4,270
271,Student_271,Female,Chennai,BBA,Computer,96,73,1.6,3,271
272,Student_272,Female,Chennai,BSc,English,,94,1.9,6,272
273,Student_273,Female,Delhi,BA,English,53,93,3.4,6,273
274,Student_274,Female,Chennai,BBA,English,,69,4.7,4,274
275,Student_275,Male,Kolkata,BSc,Maths,73,94,1.7,1,275
276,Student_276,Female,Kolkata,BA,Computer,67,70,3.2,1,276
277,Student_277,Male,Mumbai,BCom,Economics,47,70,3.4,2,277
278,Student_278,Female,Kolkata,BSc,Science,,80,2.1,3,278
279,Student_279,Male,Kolkata,BTech,Science,41,80,1.6,1,279
280,Student_280,Female,Delhi,BSc,English,48,81,5.2,5,280
281,Student_281,Female,Kolkata,BSc,Computer,53,66,3.5,3,281
282,Student_282,Female,Mumbai,BA,Maths,,76,1.1,6,282
283,Student_283,Female,Pune,BCom,Computer,54,61,5,3,283
284,Student_284,Male,Delhi,BTech,Computer,63,71,5.9,5,284
285,Student_285,Female,Pune,BBA,Maths,58,77,4,4,285
286,Student_286,Male,Delhi,BBA,English,97,70,3.5,5,286
287,Student_287,Male,Bangalore,BSc,Computer,,75,5.4,5,287
288,Student_288,Male,Chennai,BA,Science,42,77,5.8,4,288
289,Student_289,Male,Bangalore,BA,Maths,96,94,4.8,4,289
290,Student_290,Female,Kolkata,BBA,Economics,63,85,3.2,4,290
291,Student_291,Male,Pune,BTech,English,,75,4,4,291
292,Student_292,Male,Kolkata,BCom,Maths,40,65,4.5,4,292
293,Student_293,Male,Chennai,BTech,Economics,92,71,2,5,293
294,Student_294,Female,Delhi,BCom,Economics,,72,3.2,2,294
295,Student_295,Female,Chennai,BBA,Computer,96,63,5.1,2,295
296,Student_296,Female,Mumbai,BCom,Computer,75,98,4.3,1,296
297,Student_297,Female,Chennai,BA,Computer,75,61,3.1,2,297
298,Student_298,Male,Mumbai,BSc,Maths,83,85,4.3,6,298
299,Student_299,Male,Chennai,BSc,Maths,83,86,1.6,2,299
300,Student_300,Female,Mumbai,BBA,English,37,86,3,5,300
301,Student_301,Male,Pune,BA,Computer,,74,5,4,301
302,Student_302,Male,Kolkata,BTech,Economics,69,67,2.1,4,302
303,Student_303,Male,Kolkata,BA,Science,36,66,1.9,5,303
304,Student_304,Female,Bangalore,BSc,English,58,99,5.8,6,304
305,Student_305,Female,Kolkata,BSc,Maths,72,71,2,2,305
306,Student_306,Male,Delhi,BA,English,56,72,2.3,5,306
307,Student_307,Female,Chennai,BA,English,,76,5.8,1,307
308,Student_308,Female,Bangalore,BSc,English,77,76,4.7,4,308
309,Student_309,Female,Delhi,BTech,English,89,95,4.5,3,309
310,Student_310,Female,Delhi,BBA,Science,73,80,5.3,1,310
311,Student_311,Female,Mumbai,BBA,Computer,63,67,1.6,6,311
312,Student_312,Male,Kolkata,BA,Economics,54,64,4.5,1,312
313,Student_313,Female,Pune,BBA,English,75,85,3.5,5,313
314,Student_314,Male,Pune,BSc,English,,75,5.1,2,314
315,Student_315,Male,Bangalore,BSc,English,54,95,3.5,4,315
316,Student_316,Female,Pune,BA,Computer,53,87,4.1,6,316
317,Student_317,Male,Chennai,BA,Maths,64,88,3.4,6,317
318,Student_318,Male,Pune,BA,Maths,,71,3.4,3,318
319,Student_319,Male,Bangalore,BTech,Science,68,96,4.8,1,319
320,Student_320,Female,Pune,BBA,Maths,56,89,4.1,3,320
321,Student_321,Female,Chennai,BA,English,40,82,4.2,2,321
322,Student_322,Male,Mumbai,BCom,English,61,75,3.3,2,322
323,Student_323,Female,Bangalore,BCom,English,,73,3.7,3,323
324,Student_324,Female,Mumbai,BSc,Science,82,69,4.7,4,324
325,Student_325,Female,Mumbai,BBA,English,,66,5.1,2,325
326,Student_326,Female,Mumbai,BA,Maths,,96,4.5,3,326
327,Student_327,Male,Delhi,BCom,Computer,36,88,5.6,1,327
328,Student_328,Male,Kolkata,BBA,Computer,63,62,5.1,3,328
329,Student_329,Female,Delhi,BSc,Economics,99,74,3.8,3,329
330,Student_330,Female,Kolkata,BTech,Maths,,95,4.4,5,330
331,Student_331,Male,Mumbai,BBA,English,,78,5.6,2,331
332,Student_332,Male,Bangalore,BBA,Computer,,72,4.1,4,332
333,Student_333,Female,Kolkata,BTech,Maths,,80,5.1,4,333
334,Student_334,Male,Chennai,BBA,Computer,56,96,4.4,5,334
335,Student_335,Female,Chennai,BSc,English,85,86,3.8,6,335
336,Student_336,Female,Pune,BSc,Computer,82,88,2.2,4,336
337,Student_337,Male,Kolkata,BTech,Economics,55,79,3.1,3,337
338,Student_338,Male,Bangalore,BA,Economics,56,84,5.8,5,338
339,Student_339,Female,Delhi,BCom,Computer,64,65,4.3,1,339
340,Student_340,Female,Mumbai,BA,Maths,,95,3.8,2,340
341,Student_341,Male,Pune,BBA,Maths,,61,5.7,2,341
342,Student_342,Female,Chennai,BCom,Maths,99,81,3.9,2,342
343,Student_343,Male,Delhi,BTech,Computer,,91,3.6,3,343
344,Student_344,Female,Delhi,BTech,Maths,41,75,4.8,1,344
345,Student_345,Male,Mumbai,BCom,English,83,77,4.6,5,345
346,Student_346,Male,Kolkata,BSc,Economics,43,64,2,5,346
347,Student_347,Male,Chennai,BCom,English,70,95,3.4,2,347
348,Student_348,Female,Bangalore,BBA,Maths,35,89,3.4,1,348
349,Student_349,Female,Delhi,BSc,English,,78,2.9,1,349
350,Student_350,Male,Mumbai,BTech,Maths,70,82,3.6,1,350
351,Student_351,Female,Bangalore,BCom,Computer,80,93,3.1,4,351
352,Student_352,Male,Kolkata,BA,English,,72,2,4,352
353,Student_353,Male,Chennai,BA,Computer,,88,3.1,2,353
354,Student_354,Female,Kolkata,BBA,Computer,40,95,1.4,1,354
355,Student_355,Female,Delhi,BA,Science,82,81,3.9,6,355
356,Student_356,Male,Bangalore,BCom,Maths,72,95,5.3,1,356
357,Student_357,Female,Bangalore,BCom,Economics,,68,4.6,5,357
358,Student_358,Female,Bangalore,BA,Maths,61,98,2.8,5,358
359,Student_359,Male,Delhi,BCom,Economics,,78,1.4,2,359
360,Student_360,Male,Delhi,BBA,Maths,,97,2,6,360
361,Student_361,Female,Kolkata,BSc,Computer,69,65,3.7,1,361
362,Student_362,Male,Pune,BBA,English,,74,2,6,362
363,Student_363,Male,Kolkata,BBA,English,,79,3.7,2,363
364,Student_364,Female,Chennai,BCom,Science,49,68,2.2,5,364
365,Student_365,Male,Mumbai,BSc,Economics,38,91,5.2,5,365
366,Student_366,Male,Bangalore,BCom,Economics,61,63,3,4,366
367,Student_367,Female,Pune,BTech,Economics,,77,2.2,2,367
368,Student_368,Female,Mumbai,BCom,Computer,53,64,5.1,2,368
369,Student_369,Male,Pune,BCom,Economics,,79,2.7,1,369
370,Student_370,Male,Kolkata,BCom,English,77,82,1.6,1,370
371,Student_371,Female,Delhi,BSc,Computer,75,70,3.9,4,371
372,Student_372,Female,Bangalore,BCom,Maths,76,96,3.9,3,372
373,Student_373,Female,Kolkata,BSc,Economics,,81,4.6,6,373
374,Student_374,Female,Mumbai,BA,Economics,74,63,2.2,3,374
375,Student_375,Male,Mumbai,BTech,Maths,73,88,3.2,3,375
376,Student_376,Female,Mumbai,BSc,Economics,57,93,2.4,2,376
377,Student_377,Female,Mumbai,BA,Maths,,72,1.4,6,377
378,Student_378,Male,Mumbai,BSc,Computer,,68,5.4,2,378
379,Student_379,Female,Pune,BSc,English,97,90,4.6,6,379
380,Student_380,Male,Kolkata,BTech,Maths,77,66,2.5,5,380
381,Student_381,Female,Bangalore,BBA,Science,82,63,4,2,381
382,Student_382,Female,Delhi,BBA,Maths,68,78,2,2,382
383,Student_383,Female,Delhi,BSc,Economics,74,89,5.5,2,383
384,Student_384,Male,Kolkata,BCom,Computer,95,90,1.6,4,384
385,Student_385,Male,Kolkata,BA,Computer,,94,1,2,385
386,Student_386,Female,Delhi,BCom,Maths,96,80,3.5,1,386
387,Student_387,Male,Delhi,BCom,English,92,90,3.9,1,387
388,Student_388,Male,Pune,BSc,Science,67,78,3.9,6,388
389,Student_389,Male,Chennai,BSc,Computer,50,90,1.3,5,389
390,Student_390,Male,Bangalore,BSc,Economics,82,91,2.6,4,390
391,Student_391,Male,Mumbai,BSc,Economics,,61,3.5,6,391
392,Student_392,Male,Chennai,BBA,English,72,69,2.1,1,392
393,Student_393,Female,Kolkata,BSc,Computer,53,61,5.4,4,393
394,Student_394,Female,Delhi,BBA,Maths,70,61,1.4,4,394
395,Student_395,Male,Chennai,BBA,Economics,,83,3.4,5,395
396,Student_396,Female,Bangalore,BSc,English,97,76,4.5,4,396
397,Student_397,Female,Kolkata,BTech,Computer,80,91,2.3,2,397
398,Student_398,Female,Mumbai,BA,Computer,37,75,4.1,4,398
399,Student_399,Female,Mumbai,BCom,Computer,99,75,5.1,5,399
400,Student_400,Male,Bangalore,BBA,Computer,42,98,2,6,400
401,Student_401,Female,Bangalore,BA,Computer,85,90,5.6,5,401
402,Student_402,Female,Delhi,BTech,Economics,40,83,3.8,5,402
403,Student_403,Male,Mumbai,BCom,English,73,60,2.5,1,403
404,Student_404,Male,Kolkata,BCom,Computer,94,70,3.2,2,404
405,Student_405,Female,Chennai,BBA,Science,,80,2.6,1,405
406,Student_406,Female,Kolkata,BSc,Science,,63,4.6,6,406
407,Student_407,Female,Pune,BTech,English,71,66,5,3,407
408,Student_408,Female,Pune,BBA,Maths,43,85,5.2,6,408
409,Student_409,Female,Bangalore,BTech,Maths,90,71,5.9,2,409
410,Student_410,Female,Delhi,BSc,Maths,,90,5,4,410
411,Student_411,Male,Pune,BSc,Science,36,76,4,5,411
412,Student_412,Female,Mumbai,BBA,Maths,95,92,2.7,3,412
413,Student_413,Female,Kolkata,BSc,Economics,92,70,3.7,2,413
414,Student_414,Male,Kolkata,BA,Computer,94,87,1.2,1,414
415,Student_415,Male,Bangalore,BCom,Science,74,91,4.7,5,415
416,Student_416,Male,Chennai,BBA,English,70,60,3.2,6,416
417,Student_417,Male,Bangalore,BTech,English,71,87,1.1,1,417
418,Student_418,Female,Chennai,BA,Computer,52,66,1.3,2,418
419,Student_419,Female,Bangalore,BBA,Science,97,61,2.9,2,419
420,Student_420,Female,Bangalore,BSc,Maths,56,83,3.9,6,420
421,Student_421,Female,Bangalore,BSc,Maths,,63,3.3,3,421
422,Student_422,Female,Chennai,BSc,Economics,92,78,4.1,6,422
423,Student_423,Female,Chennai,BSc,Economics,,85,3.4,4,423
424,Student_424,Male,Bangalore,BTech,Maths,38,70,4.3,1,424
425,Student_425,Female,Pune,BA,English,41,99,2.1,3,425
426,Student_426,Male,Delhi,BCom,English,95,70,1.6,5,426
427,Student_427,Male,Delhi,BTech,Economics,,62,4,4,427
428,Student_428,Female,Delhi,BTech,Computer,35,71,3.4,3,428
429,Student_429,Male,Chennai,BCom,Maths,89,62,1.1,1,429
430,Student_430,Female,Chennai,BCom,Economics,37,86,2.9,2,430
431,Student_431,Male,Pune,BSc,Economics,72,61,1.5,5,431
432,Student_432,Female,Delhi,BTech,Maths,35,75,3.7,6,432
433,Student_433,Male,Delhi,BBA,Maths,72,61,3,1,433
434,Student_434,Female,Bangalore,BCom,English,63,89,4.1,4,434
435,Student_435,Female,Chennai,BCom,Computer,39,79,5,4,435
436,Student_436,Female,Delhi,BA,Computer,55,97,2.5,2,436
437,Student_437,Female,Kolkata,BBA,Maths,,87,5.8,2,437
438,Student_438,Female,Pune,BBA,Science,69,84,3.7,5,438
439,Student_439,Male,Kolkata,BCom,Economics,35,91,4.1,6,439
440,Student_440,Male,Kolkata,BSc,Economics,46,69,4.4,5,440
441,Student_441,Male,Pune,BA,Maths,94,99,4.3,2,441
442,Student_442,Female,Kolkata,BBA,Science,61,92,3.6,2,442
443,Student_443,Male,Delhi,BCom,English,90,72,3.1,4,443
444,Student_444,Female,Chennai,BBA,Maths,57,96,1.3,2,444
445,Student_445,Female,Pune,BA,Maths,,75,1.1,3,445
446,Student_446,Male,Bangalore,BA,Economics,55,81,2.8,1,446
447,Student_447,Male,Kolkata,BTech,Maths,95,79,2.7,2,447
448,Student_448,Female,Pune,BCom,Maths,97,86,2.9,5,448
449,Student_449,Male,Mumbai,BA,Maths,,75,1.7,6,449
450,Student_450,Female,Mumbai,BTech,Economics,,93,4.7,6,450
451,Student_451,Female,Chennai,BTech,English,89,91,5.3,6,451
452,Student_452,Female,Delhi,BBA,English,80,85,5.7,3,452
453,Student_453,Female,Chennai,BBA,Maths,,84,3.5,5,453
454,Student_454,Female,Chennai,BTech,Economics,89,61,4.5,3,454
455,Student_455,Male,Chennai,BBA,English,39,71,5.3,2,455
456,Student_456,Male,Chennai,BA,English,70,99,3.1,1,456
457,Student_457,Female,Bangalore,BSc,English,83,68,2.5,6,457
458,Student_458,Female,Bangalore,BA,Economics,92,71,5.7,5,458
459,Student_459,Male,Pune,BTech,Economics,73,85,3.6,6,459
460,Student_460,Male,Mumbai,BTech,Maths,95,68,3.5,3,460
461,Student_461,Female,Chennai,BA,Computer,43,69,1.9,4,461
462,Student_462,Male,Pune,BBA,English,40,91,1.5,2,462
463,Student_463,Female,Mumbai,BBA,Computer,69,93,5.2,1,463
464,Student_464,Male,Kolkata,BTech,Economics,73,79,4.1,2,464
465,Student_465,Female,Delhi,BCom,Economics,56,98,2.6,4,465
466,Student_466,Male,Bangalore,BBA,Economics,75,61,2,1,466
467,Student_467,Female,Kolkata,BA,Computer,39,60,3.8,4,467
468,Student_468,Male,Mumbai,BBA,Economics,76,95,3.9,2,468
469,Student_469,Male,Kolkata,BA,Maths,64,83,2,3,469
470,Student_470,Female,Delhi,BTech,Economics,,86,5.3,2,470
471,Student_471,Male,Mumbai,BBA,Science,63,61,1.4,2,471
472,Student_472,Female,Kolkata,BA,Computer,71,90,2.8,2,472
473,Student_473,Male,Bangalore,BTech,Science,47,73,4.4,5,473
474,Student_474,Female,Bangalore,BCom,Economics,,61,2.4,4,474
475,Student_475,Male,Pune,BA,Maths,80,88,5.1,4,475
476,Student_476,Female,Kolkata,BCom,English,57,74,4.7,6,476
477,Student_477,Male,Chennai,BCom,Economics,,71,4.9,4,477
478,Student_478,Female,Kolkata,BSc,Maths,,96,1.6,6,478
479,Student_479,Male,Mumbai,BBA,Computer,40,87,1.7,5,479
480,Student_480,Female,Mumbai,BA,Science,52,79,2.4,3,480
481,Student_481,Female,Kolkata,BCom,Science,56,98,3.6,6,481
482,Student_482,Female,Delhi,BSc,Science,67,83,4.7,2,482
483,Student_483,Male,Bangalore,BTech,Computer,64,80,5.2,3,483
484,Student_484,Female,Mumbai,BA,Maths,,69,4.5,5,484
485,Student_485,Male,Bangalore,BCom,Computer,76,73,5.6,4,485
486,Student_486,Female,Mumbai,BBA,Science,,96,4.7,6,486
487,Student_487,Male,Pune,BSc,Economics,70,77,2.5,2,487
488,Student_488,Female,Chennai,BCom,English,68,83,2.3,1,488
489,Student_489,Male,Mumbai,BBA,Computer,,73,4.5,1,489
490,Student_490,Male,Bangalore,BCom,Computer,,93,2,3,490
491,Student_491,Female,Pune,BA,Maths,73,71,1.5,4,491
492,Student_492,Male,Mumbai,BA,Maths,,81,3.7,1,492
493,Student_493,Male,Delhi,BA,Computer,53,65,5.1,3,493
494,Student_494,Female,Chennai,BSc,Science,49,95,1.5,5,494
495,Student_495,Male,Mumbai,BA,English,,95,5,3,495
496,Student_496,Male,Pune,BBA,Maths,58,81,5.1,3,496
497,Student_497,Male,Delhi,BCom,Science,43,73,3.4,3,497
498,Student_498,Female,Kolkata,BTech,Economics,,75,1.3,2,498
499,Student_499,Male,Pune,BBA,Maths,67,95,1.9,3,499
500,Student_500,Female,Pune,BBA,Science,96,84,4.5,6,500
501,Student_501,Male,Delhi,BA,Science,53,91,4.6,3,501
502,Student_502,Male,Pune,BSc,English,74,92,5.5,2,502
503,Student_503,Male,Delhi,BCom,English,,95,3.9,2,503
504,Student_504,Female,Mumbai,BSc,Economics,99,79,1.6,5,504
505,Student_505,Male,Delhi,BCom,Science,63,77,1.6,4,505
506,Student_506,Male,Delhi,BCom,Science,,97,4.6,1,506
507,Student_507,Female,Chennai,BSc,English,47,62,1.9,1,507
508,Student_508,Male,Delhi,BBA,Maths,35,82,2.6,3,508
509,Student_509,Female,Delhi,BCom,Maths,68,91,3.4,5,509
510,Student_510,Female,Kolkata,BSc,Computer,82,75,1.1,3,510
511,Student_511,Male,Mumbai,BCom,English,82,64,2.2,1,511
512,Student_512,Female,Chennai,BTech,Computer,83,63,3,2,512
513,Student_513,Male,Kolkata,BBA,English,98,80,2.4,4,513
514,Student_514,Female,Bangalore,BA,Economics,95,99,1.7,5,514
515,Student_515,Female,Mumbai,BCom,Science,63,73,4.6,2,515
516,Student_516,Male,Mumbai,BTech,Economics,73,98,5.1,4,516
517,Student_517,Female,Bangalore,BA,English,,90,2.3,5,517
518,Student_518,Female,Delhi,BA,Science,,73,4.9,5,518
519,Student_519,Female,Kolkata,BCom,Maths,47,65,2.9,1,519
520,Student_520,Female,Pune,BSc,Maths,,71,3.5,2,520
521,Student_521,Female,Chennai,BCom,Computer,83,75,5.3,5,521
522,Student_522,Male,Pune,BTech,English,41,76,4.7,6,522
523,Student_523,Female,Bangalore,BA,English,92,82,5,5,523
524,Student_524,Male,Mumbai,BCom,Maths,83,73,1.7,4,524
525,Student_525,Female,Mumbai,BSc,Economics,,66,1.3,1,525
526,Student_526,Male,Chennai,BCom,Science,99,91,5.5,3,526
527,Student_527,Male,Mumbai,BBA,Economics,96,74,2.9,1,527
528,Student_528,Female,Mumbai,BSc,Economics,,76,2.4,3,528
529,Student_529,Female,Chennai,BTech,Maths,77,93,4.6,2,529
530,Student_530,Female,Kolkata,BA,Maths,,64,5.2,2,530
531,Student_531,Male,Kolkata,BCom,Maths,37,86,5.3,5,531
532,Student_532,Female,Chennai,BSc,Computer,63,82,2.6,6,532
533,Student_533,Male,Bangalore,BBA,Economics,,99,5.3,2,533
534,Student_534,Male,Mumbai,BSc,English,,73,1.2,5,534
535,Student_535,Male,Mumbai,BBA,Science,50,74,1.2,1,535
536,Student_536,Female,Bangalore,BTech,Computer,,92,4.1,2,536
537,Student_537,Female,Kolkata,BA,English,,90,1.3,1,537
538,Student_538,Male,Delhi,BTech,Economics,,94,2.6,1,538
539,Student_539,Male,Delhi,BCom,Maths,90,76,4.4,6,539
540,Student_540,Female,Delhi,BSc,Economics,99,87,2.7,2,540
541,Student_541,Male,Kolkata,BBA,Science,75,78,1.9,1,541
542,Student_542,Female,Kolkata,BBA,Computer,85,82,2.4,6,542
543,Student_543,Male,Bangalore,BSc,Computer,63,91,3.3,6,543
544,Student_544,Female,Mumbai,BSc,Science,53,99,3.4,2,544
545,Student_545,Male,Bangalore,BCom,English,75,72,4.9,6,545
546,Student_546,Female,Bangalore,BTech,English,,79,4.8,2,546
547,Student_547,Male,Kolkata,BBA,Computer,49,94,3.3,2,547
548,Student_548,Female,Delhi,BCom,Computer,37,64,5.2,3,548
549,Student_549,Female,Pune,BTech,Maths,,68,1.6,1,549
550,Student_550,Male,Mumbai,BCom,English,,88,2.3,4,550
551,Student_551,Male,Kolkata,BBA,Science,80,65,5.1,2,551
552,Student_552,Female,Delhi,BSc,English,64,84,2.9,1,552
553,Student_553,Male,Pune,BSc,Maths,,90,5.9,6,553
554,Student_554,Female,Pune,BTech,Computer,52,81,3.3,5,554
555,Student_555,Male,Kolkata,BA,Computer,85,61,5,2,555
556,Student_556,Female,Chennai,BTech,Maths,82,64,3,6,556
557,Student_557,Female,Mumbai,BA,Science,42,86,3.1,6,557
558,Student_558,Female,Pune,BCom,Computer,56,84,2.9,6,558
559,Student_559,Female,Kolkata,BCom,Economics,40,67,4.6,6,559
560,Student_560,Female,Kolkata,BBA,Computer,,60,3.7,6,560
561,Student_561,Female,Delhi,BA,Economics,70,79,5.7,2,561
562,Student_562,Male,Chennai,BBA,Maths,,82,2.3,4,562
563,Student_563,Male,Mumbai,BSc,Maths,83,91,1.5,3,563
564,Student_564,Male,Bangalore,BA,Computer,,70,3,6,564
565,Student_565,Female,Delhi,BTech,English,,98,4.1,6,565
566,Student_566,Female,Pune,BSc,Economics,54,83,5.3,3,566
567,Student_567,Female,Pune,BSc,Science,98,70,2.7,2,567
568,Student_568,Female,Delhi,BTech,Computer,37,88,4.3,1,568
569,Student_569,Male,Kolkata,BSc,Science,,85,2.8,5,569
570,Student_570,Male,Pune,BA,Computer,98,75,4.1,5,570
571,Student_571,Female,Chennai,BBA,English,74,94,5.4,1,571
572,Student_572,Male,Mumbai,BSc,English,,79,2.2,2,572
573,Student_573,Male,Chennai,BA,English,89,62,3,5,573
574,Student_574,Female,Pune,BCom,English,96,60,6,3,574
575,Student_575,Male,Bangalore,BA,Maths,38,60,5.3,1,575
576,Student_576,Female,Mumbai,BBA,Maths,94,76,3.8,4,576
577,Student_577,Male,Mumbai,BA,Economics,64,61,3.6,2,577
578,Student_578,Female,Delhi,BTech,Science,36,88,2.4,1,578
579,Student_579,Female,Delhi,BBA,Computer,96,79,3.6,5,579
580,Student_580,Female,Bangalore,BCom,Computer,83,65,5.2,2,580
581,Student_581,Female,Kolkata,BTech,Maths,43,67,4.4,3,581
582,Student_582,Male,Mumbai,BA,Computer,65,88,2.5,2,582
583,Student_583,Female,Bangalore,BBA,Maths,95,92,2,2,583
584,Student_584,Female,Delhi,BCom,Economics,82,62,2.3,3,584
585,Student_585,Female,Delhi,BTech,Science,,94,1.8,6,585
586,Student_586,Male,Mumbai,BCom,Economics,70,64,1.5,3,586
587,Student_587,Female,Chennai,BA,English,42,86,3.1,2,587
588,Student_588,Male,Pune,BCom,English,92,71,1.6,3,588
589,Student_589,Female,Delhi,BSc,English,,79,1.9,6,589
590,Student_590,Male,Kolkata,BTech,Economics,96,79,3.7,1,590
591,Student_591,Male,Kolkata,BCom,Computer,73,68,1.8,3,591
592,Student_592,Female,Delhi,BA,Science,92,98,1.3,3,592
593,Student_593,Male,Chennai,BA,English,98,63,2.6,2,593
594,Student_594,Female,Chennai,BCom,English,78,78,2.1,1,594
595,Student_595,Female,Bangalore,BA,English,63,97,3.6,4,595
596,Student_596,Female,Kolkata,BBA,Science,,86,1.5,4,596
597,Student_597,Male,Bangalore,BBA,English,43,72,4.8,5,597
598,Student_598,Male,Kolkata,BBA,Science,40,72,5.5,3,598
599,Student_599,Female,Pune,BSc,English,63,81,4.7,3,599
600,Student_600,Female,Pune,BCom,Economics,92,87,3.7,1,600
601,Student_601,Male,Mumbai,BSc,Economics,,81,5.3,6,601
602,Student_602,Female,Bangalore,BA,Science,50,78,4.5,4,602
603,Student_603,Female,Delhi,BSc,Economics,37,67,1.1,5,603
604,Student_604,Female,Bangalore,BA,Science,55,67,3,1,604
605,Student_605,Male,Delhi,BA,Economics,98,85,5.3,3,605
606,Student_606,Male,Chennai,BTech,Economics,70,85,2.7,4,606
607,Student_607,Male,Bangalore,BBA,Science,96,82,1.2,5,607
608,Student_608,Female,Chennai,BA,Computer,76,72,4.7,2,608
609,Student_609,Female,Pune,BTech,Economics,76,87,5,4,609
610,Student_610,Female,Pune,BBA,English,95,68,1.8,5,610
611,Student_611,Male,Mumbai,BA,Computer,47,79,3.7,1,611
612,Student_612,Female,Bangalore,BA,Science,,78,2,2,612
613,Student_613,Female,Chennai,BSc,Computer,,98,4.6,5,613
614,Student_614,Female,Delhi,BSc,Maths,50,71,2.4,5,614
615,Student_615,Female,Pune,BBA,Maths,42,74,2.6,3,615
616,Student_616,Male,Pune,BA,Economics,,90,5.2,6,616
617,Student_617,Male,Delhi,BCom,Economics,,73,3.4,4,617
618,Student_618,Female,Chennai,BSc,English,74,70,4.3,3,618
619,Student_619,Male,Chennai,BBA,Computer,,85,3,2,619
620,Student_620,Male,Bangalore,BA,Maths,36,86,2.5,6,620
621,Student_621,Female,Bangalore,BA,Economics,,70,4.1,5,621
622,Student_622,Female,Kolkata,BCom,Computer,78,97,1.8,3,622
623,Student_623,Male,Kolkata,BBA,Economics,,93,2.9,6,623
624,Student_624,Female,Mumbai,BA,Economics,36,78,2,4,624
625,Student_625,Male,Pune,BSc,Maths,,65,4.5,2,625
626,Student_626,Female,Bangalore,BCom,Maths,46,97,5.7,1,626
627,Student_627,Male,Chennai,BBA,Economics,57,87,6,3,627
628,Student_628,Female,Delhi,BCom,Science,52,60,3.3,2,628
629,Student_629,Male,Chennai,BSc,Economics,96,94,2.3,1,629
630,Student_630,Male,Pune,BBA,Economics,96,99,3.2,3,630
631,Student_631,Male,Kolkata,BCom,English,72,67,5.2,2,631
632,Student_632,Female,Chennai,BTech,English,72,66,2,2,632
633,Student_633,Male,Mumbai,BSc,English,95,70,5.8,6,633
634,Student_634,Male,Pune,BSc,Science,35,98,2.7,3,634
635,Student_635,Female,Kolkata,BSc,Science,,63,5.9,2,635
636,Student_636,Female,Delhi,BTech,Economics,,84,5.2,5,636
637,Student_637,Male,Kolkata,BTech,English,55,71,5,3,637
638,Student_638,Male,Mumbai,BA,Science,47,85,2.6,2,638
639,Student_639,Female,Pune,BCom,Maths,61,97,1,6,639
640,Student_640,Female,Delhi,BA,Economics,41,71,2.9,1,640
641,Student_641,Female,Mumbai,BCom,Computer,56,96,2.5,1,641
642,Student_642,Female,Kolkata,BTech,Economics,,83,1.2,5,642
643,Student_643,Female,Mumbai,BTech,Computer,38,75,3.5,3,643
644,Student_644,Male,Pune,BA,English,57,72,3,6,644
645,Student_645,Female,Bangalore,BBA,Computer,67,84,4.2,2,645
646,Student_646,Male,Mumbai,BA,English,,63,4.1,2,646
647,Student_647,Male,Mumbai,BCom,Maths,42,70,1.6,1,647
648,Student_648,Male,Kolkata,BA,Computer,35,91,5.9,6,648
649,Student_649,Female,Kolkata,BSc,Economics,71,66,1.9,5,649
650,Student_650,Male,Delhi,BCom,English,97,70,3.2,1,650
651,Student_651,Male,Kolkata,BCom,Economics,56,87,3.4,1,651
652,Student_652,Female,Chennai,BBA,Science,55,82,5.1,5,652
653,Student_653,Male,Pune,BTech,English,69,82,1.5,3,653
654,Student_654,Male,Pune,BCom,Computer,39,87,3.1,2,654
655,Student_655,Female,Bangalore,BTech,English,94,85,4.1,3,655
656,Student_656,Male,Bangalore,BA,Economics,80,84,2.1,6,656
657,Student_657,Male,Pune,BSc,Maths,,88,4.1,4,657
658,Student_658,Male,Bangalore,BBA,English,82,78,5.6,4,658
659,Student_659,Female,Delhi,BTech,Computer,40,92,6,4,659
660,Student_660,Female,Kolkata,BCom,Science,90,95,1.2,5,660
661,Student_661,Female,Pune,BTech,Maths,,73,2.2,1,661
662,Student_662,Male,Bangalore,BCom,Science,63,73,2.6,3,662
663,Student_663,Male,Pune,BTech,English,52,94,3,2,663
664,Student_664,Female,Chennai,BCom,Economics,36,89,2.2,4,664
665,Student_665,Male,Mumbai,BA,Economics,42,87,2,3,665
666,Student_666,Male,Kolkata,BCom,Computer,,76,5.8,4,666
667,Student_667,Female,Pune,BCom,Economics,72,62,5.6,4,667
668,Student_668,Female,Mumbai,BSc,Maths,82,75,1.2,2,668
669,Student_669,Male,Bangalore,BCom,Economics,61,89,2.7,6,669
670,Student_670,Male,Mumbai,BSc,Computer,54,88,3,6,670
671,Student_671,Male,Kolkata,BBA,English,46,74,2.2,6,671
672,Student_672,Female,Pune,BSc,English,77,84,4.1,5,672
673,Student_673,Female,Chennai,BA,Economics,95,97,4.2,1,673
674,Student_674,Female,Bangalore,BSc,Science,65,97,5.3,5,674
675,Student_675,Female,Pune,BBA,English,95,82,4.7,3,675
676,Student_676,Male,Kolkata,BA,Economics,69,84,3.7,5,676
677,Student_677,Female,Bangalore,BTech,Computer,49,66,4.3,3,677
678,Student_678,Female,Delhi,BTech,Economics,50,81,2.4,3,678
679,Student_679,Female,Mumbai,BSc,English,47,76,4,1,679
680,Student_680,Female,Kolkata,BSc,Computer,69,77,3.4,2,680
681,Student_681,Female,Delhi,BBA,Economics,,69,1.7,1,681
682,Student_682,Male,Pune,BBA,Maths,55,69,2.2,6,682
683,Student_683,Male,Chennai,BCom,Computer,,66,2.5,6,683
684,Student_684,Female,Bangalore,BBA,Maths,64,97,5.6,5,684
685,Student_685,Male,Mumbai,BCom,Science,82,86,2.2,3,685
686,Student_686,Female,Bangalore,BA,Computer,69,92,2.4,4,686
687,Student_687,Female,Pune,BSc,Maths,72,60,2.8,4,687
688,Student_688,Male,Bangalore,BA,English,65,93,4.3,3,688
689,Student_689,Male,Mumbai,BBA,English,58,63,1.6,1,689
690,Student_690,Female,Pune,BA,Science,83,76,5.8,2,690
691,Student_691,Female,Bangalore,BA,Computer,,63,5.3,1,691
692,Student_692,Female,Chennai,BA,Computer,89,85,3.9,3,692
693,Student_693,Male,Kolkata,BBA,Computer,92,63,4.4,3,693
694,Student_694,Female,Pune,BA,Science,37,60,1.1,2,694
695,Student_695,Female,Kolkata,BCom,Computer,,66,2.7,5,695
696,Student_696,Female,Pune,BBA,English,,89,5,5,696
697,Student_697,Male,Chennai,BA,Maths,95,68,1.4,2,697
698,Student_698,Female,Kolkata,BBA,English,63,94,2.4,5,698
699,Student_699,Female,Delhi,BTech,English,53,67,3.9,4,699
700,Student_700,Male,Mumbai,BCom,Maths,77,83,2.3,5,700
701,Student_701,Female,Delhi,BA,English,95,78,5.7,5,701
702,Student_702,Female,Bangalore,BTech,Science,77,95,1.7,5,702
703,Student_703,Male,Chennai,BTech,Maths,,86,5,4,703
704,Student_704,Female,Delhi,BBA,English,54,91,3.5,5,704
705,Student_705,Male,Pune,BTech,Economics,82,73,4.8,6,705
706,Student_706,Male,Bangalore,BCom,English,58,77,2.6,4,706
707,Student_707,Female,Bangalore,BCom,Science,,87,3.6,2,707
708,Student_708,Female,Delhi,BSc,Computer,89,88,5.3,1,708
709,Student_709,Female,Delhi,BCom,English,,75,3.3,2,709
710,Student_710,Female,Chennai,BTech,Computer,97,94,2.8,1,710
711,Student_711,Male,Mumbai,BCom,Economics,,90,3.7,2,711
712,Student_712,Female,Delhi,BBA,English,39,63,4.6,6,712
713,Student_713,Male,Delhi,BSc,Maths,85,96,3.2,1,713
714,Student_714,Female,Kolkata,BTech,Computer,55,76,5.7,1,714
715,Student_715,Female,Pune,BSc,Economics,46,98,2.5,3,715
716,Student_716,Female,Kolkata,BTech,Maths,,85,3.4,1,716
717,Student_717,Male,Kolkata,BBA,Maths,38,98,4.8,1,717
718,Student_718,Female,Bangalore,BSc,Maths,76,63,4.4,3,718
719,Student_719,Female,Mumbai,BA,Maths,72,89,5.3,5,719
720,Student_720,Female,Pune,BTech,English,,89,6,5,720
721,Student_721,Female,Chennai,BA,English,48,81,3.1,3,721
722,Student_722,Male,Chennai,BSc,English,,70,1.6,4,722
723,Student_723,Female,Delhi,BA,Economics,,61,1.2,1,723
724,Student_724,Male,Delhi,BA,Economics,95,71,4.6,1,724
725,Student_725,Male,Chennai,BSc,Economics,52,89,5.4,3,725
726,Student_726,Male,Delhi,BBA,Science,61,95,2.1,3,726
727,Student_727,Male,Mumbai,BA,Economics,89,77,1.8,4,727
728,Student_728,Male,Kolkata,BA,English,,85,1.3,6,728
729,Student_729,Male,Delhi,BBA,English,55,66,5.1,5,729
730,Student_730,Female,Bangalore,BA,Science,78,60,2.6,2,730
731,Student_731,Male,Delhi,BA,Science,39,85,3,6,731
732,Student_732,Male,Pune,BA,Economics,75,82,3.5,5,732
733,Student_733,Male,Mumbai,BCom,Computer,,85,5.2,1,733
734,Student_734,Female,Pune,BBA,Science,,65,4.3,6,734
735,Student_735,Female,Pune,BA,Maths,56,65,4.1,3,735
736,Student_736,Male,Bangalore,BBA,English,99,67,1.9,4,736
737,Student_737,Female,Mumbai,BTech,Maths,98,83,3.6,5,737
738,Student_738,Male,Mumbai,BTech,English,38,81,4.6,4,738
739,Student_739,Male,Mumbai,BA,English,99,78,5.9,5,739
740,Student_740,Female,Mumbai,BBA,Science,49,96,2,6,740
741,Student_741,Male,Mumbai,BBA,Science,56,77,1,1,741
742,Student_742,Female,Bangalore,BBA,Maths,,90,1.4,2,742
743,Student_743,Female,Delhi,BCom,English,80,96,2.9,4,743
744,Student_744,Male,Pune,BTech,Maths,48,89,5.1,4,744
745,Student_745,Male,Mumbai,BBA,Computer,,92,1,2,745
746,Student_746,Female,Delhi,BBA,Maths,54,69,3.3,4,746
747,Student_747,Male,Delhi,BCom,Economics,,96,2.6,4,747
748,Student_748,Male,Pune,BCom,Maths,67,71,1.3,5,748
749,Student_749,Male,Bangalore,BBA,Economics,,89,3.3,5,749
750,Student_750,Female,Chennai,BSc,Economics,77,86,2.3,2,750
751,Student_751,Female,Chennai,BBA,Economics,46,98,2.8,1,751
752,Student_752,Male,Delhi,BBA,Computer,74,68,4.5,6,752
753,Student_753,Female,Kolkata,BCom,Maths,54,80,3.6,6,753
754,Student_754,Female,Kolkata,BCom,Maths,72,71,1.6,4,754
755,Student_755,Female,Pune,BBA,Computer,37,88,5.8,1,755
756,Student_756,Female,Chennai,BBA,English,,92,4.2,2,756
757,Student_757,Female,Delhi,BBA,Science,90,74,4.8,2,757
758,Student_758,Male,Bangalore,BCom,Maths,47,61,1.4,5,758
759,Student_759,Male,Chennai,BBA,Science,71,98,1.2,4,759
760,Student_760,Male,Delhi,BBA,Computer,83,77,1.1,3,760
761,Student_761,Female,Delhi,BA,English,70,62,1.9,2,761
762,Student_762,Female,Mumbai,BSc,English,,66,3.1,4,762
763,Student_763,Male,Bangalore,BTech,English,,77,5.7,1,763
764,Student_764,Female,Mumbai,BSc,Computer,74,97,3.3,5,764
765,Student_765,Male,Pune,BA,Economics,77,96,2.5,6,765
766,Student_766,Male,Mumbai,BTech,Economics,56,92,3.8,1,766
767,Student_767,Male,Mumbai,BBA,Science,54,90,1.6,2,767
768,Student_768,Female,Chennai,BA,Economics,42,70,4,2,768
769,Student_769,Female,Kolkata,BBA,Economics,63,63,3.8,1,769
770,Student_770,Male,Delhi,BCom,English,74,77,5,2,770
771,Student_771,Male,Bangalore,BA,English,64,63,5.9,4,771
772,Student_772,Male,Mumbai,BCom,Science,89,93,2.3,2,772
773,Student_773,Male,Bangalore,BA,Maths,50,88,3.5,5,773
774,Student_774,Female,Kolkata,BA,Science,80,83,5.5,4,774
775,Student_775,Female,Kolkata,BCom,Science,96,81,4.9,3,775
776,Student_776,Male,Mumbai,BTech,Computer,41,61,3.4,2,776
777,Student_777,Male,Pune,BSc,Computer,,65,5.7,2,777
778,Student_778,Female,Mumbai,BBA,Science,,84,1.3,5,778
779,Student_779,Female,Chennai,BA,Science,90,80,5.7,5,779
780,Student_780,Male,Delhi,BBA,Science,82,75,1.3,6,780
781,Student_781,Male,Pune,BCom,Economics,61,90,3.7,1,781
782,Student_782,Male,Mumbai,BBA,Computer,,73,5.5,1,782
783,Student_783,Female,Bangalore,BCom,Science,69,98,2.3,1,783
784,Student_784,Female,Pune,BBA,English,85,87,3.4,5,784
785,Student_785,Female,Pune,BSc,English,71,91,2.6,1,785
786,Student_786,Male,Mumbai,BSc,Economics,,87,5.8,1,786
787,Student_787,Male,Pune,BSc,Economics,42,68,5.1,3,787
788,Student_788,Female,Bangalore,BSc,Maths,54,81,4.5,1,788
789,Student_789,Female,Kolkata,BSc,Maths,,91,3.9,2,789
790,Student_790,Male,Pune,BSc,Maths,46,64,5.1,6,790
791,Student_791,Female,Kolkata,BCom,Economics,83,82,3,5,791
792,Student_792,Female,Bangalore,BA,Economics,,64,3.2,4,792
793,Student_793,Male,Mumbai,BBA,Economics,98,91,4.7,6,793
794,Student_794,Female,Delhi,BSc,English,76,69,2.8,3,794
795,Student_795,Male,Pune,BCom,Economics,63,98,1.3,5,795
796,Student_796,Male,Delhi,BCom,English,53,74,1.4,5,796
797,Student_797,Male,Bangalore,BCom,Maths,,66,1.6,2,797
798,Student_798,Male,Pune,BA,Maths,,88,5.3,6,798
799,Student_799,Male,Kolkata,BBA,Maths,92,62,3.4,6,799
800,Student_800,Male,Chennai,BA,Science,68,78,4.6,1,800
801,Student_801,Male,Delhi,BTech,Science,54,69,3,2,801
802,Student_802,Female,Pune,BCom,Computer,,87,2.3,1,802
803,Student_803,Male,Delhi,BTech,Computer,,88,2.7,1,803
804,Student_804,Male,Pune,BSc,Computer,,74,5,5,804
805,Student_805,Female,Mumbai,BSc,Science,,94,4.1,6,805
806,Student_806,Female,Kolkata,BA,Science,49,65,5.7,1,806
807,Student_807,Female,Delhi,BBA,Computer,37,71,4.4,3,807
808,Student_808,Male,Chennai,BTech,Computer,71,97,3.9,3,808
809,Student_809,Female,Chennai,BBA,Economics,74,72,4.1,6,809
810,Student_810,Male,Bangalore,BA,Computer,74,88,5.7,3,810
811,Student_811,Male,Pune,BSc,Economics,90,78,4.9,5,811
812,Student_812,Male,Delhi,BBA,English,57,62,1.1,2,812
813,Student_813,Male,Bangalore,BBA,Science,,67,3.7,4,813
814,Student_814,Female,Delhi,BSc,Computer,98,67,4.4,1,814
815,Student_815,Female,Pune,BTech,Science,42,79,4.7,4,815
816,Student_816,Male,Chennai,BSc,Science,90,63,2.1,2,816
817,Student_817,Male,Mumbai,BBA,Science,94,80,5.3,2,817
818,Student_818,Male,Chennai,BTech,English,,62,5.8,5,818
819,Student_819,Female,Bangalore,BTech,Maths,73,67,2.2,3,819
820,Student_820,Male,Kolkata,BSc,Computer,,82,5.4,3,820
821,Student_821,Male,Mumbai,BBA,Maths,83,75,1.5,2,821
822,Student_822,Female,Bangalore,BA,Maths,70,72,1.3,5,822
823,Student_823,Female,Pune,BBA,Maths,47,62,1.6,5,823
824,Student_824,Male,Mumbai,BCom,Science,70,68,1.3,6,824
825,Student_825,Female,Bangalore,BA,Economics,,73,5.2,1,825
826,Student_826,Female,Pune,BTech,Science,38,72,1.3,3,826
827,Student_827,Male,Chennai,BA,Science,98,66,2.4,2,827
828,Student_828,Female,Kolkata,BTech,Maths,72,74,1.5,6,828
829,Student_829,Male,Pune,BTech,Science,56,66,2.5,4,829
830,Student_830,Female,Delhi,BA,Maths,36,97,1.5,3,830
831,Student_831,Male,Pune,BTech,Economics,65,93,4.3,1,831
832,Student_832,Male,Pune,BTech,Computer,,81,1.7,5,832
833,Student_833,Male,Kolkata,BCom,Maths,80,83,5.3,2,833
834,Student_834,Female,Delhi,BBA,Economics,96,96,5.1,3,834
835,Student_835,Male,Bangalore,BBA,Computer,98,60,1.1,4,835
836,Student_836,Female,Bangalore,BCom,English,,69,5.5,1,836
837,Student_837,Male,Pune,BA,Maths,74,75,1.1,1,837
838,Student_838,Male,Delhi,BSc,Maths,58,67,2.2,6,838
839,Student_839,Female,Delhi,BSc,English,78,84,1.2,3,839
840,Student_840,Male,Kolkata,BSc,English,94,71,2.7,4,840
841,Student_841,Male,Chennai,BCom,Maths,96,84,3.6,1,841
842,Student_842,Female,Bangalore,BCom,English,,76,5,2,842
843,Student_843,Male,Kolkata,BTech,Science,99,85,2.7,1,843
844,Student_844,Male,Mumbai,BSc,Computer,,73,4.5,4,844
845,Student_845,Male,Bangalore,BA,Computer,89,95,1.9,5,845
846,Student_846,Male,Kolkata,BA,Computer,,82,4.8,5,846
847,Student_847,Female,Bangalore,BSc,Science,90,65,2.2,6,847
848,Student_848,Female,Chennai,BSc,English,43,64,1.7,3,848
849,Student_849,Male,Mumbai,BSc,Economics,56,84,1.9,4,849
850,Student_850,Female,Chennai,BCom,English,47,77,1.9,6,850
851,Student_851,Male,Mumbai,BCom,Maths,82,72,3.6,1,851
852,Student_852,Female,Pune,BCom,Computer,52,73,5.2,1,852
853,Student_853,Male,Kolkata,BBA,English,74,87,1.4,5,853
854,Student_854,Male,Mumbai,BA,Economics,,77,4.5,6,854
855,Student_855,Male,Chennai,BA,Maths,49,87,4.3,5,855
856,Student_856,Male,Bangalore,BTech,Science,49,86,5.4,2,856
857,Student_857,Male,Mumbai,BCom,Science,97,91,2.2,5,857
858,Student_858,Male,Kolkata,BBA,Economics,73,68,3.3,2,858
859,Student_859,Female,Mumbai,BBA,Maths,47,99,5.6,1,859
860,Student_860,Male,Delhi,BA,Computer,,91,4.3,6,860
861,Student_861,Female,Bangalore,BCom,English,43,79,2.9,2,861
862,Student_862,Male,Kolkata,BTech,Maths,74,87,1.7,6,862
863,Student_863,Female,Kolkata,BCom,Science,54,92,2.3,6,863
864,Student_864,Female,Pune,BSc,Economics,97,63,3.9,2,864
865,Student_865,Female,Chennai,BCom,Economics,78,93,4.6,3,865
866,Student_866,Male,Pune,BSc,English,72,62,1.6,5,866
867,Student_867,Male,Kolkata,BSc,Economics,94,85,4,2,867
868,Student_868,Female,Bangalore,BTech,Economics,82,67,3.8,1,868
869,Student_869,Male,Mumbai,BA,Maths,52,65,3.6,6,869
870,Student_870,Female,Mumbai,BCom,Computer,50,75,4.5,4,870
871,Student_871,Male,Bangalore,BSc,English,89,83,5.2,2,871
872,Student_872,Female,Kolkata,BCom,Maths,73,98,2.6,5,872
873,Student_873,Female,Mumbai,BA,Computer,,89,5.4,6,873
874,Student_874,Male,Mumbai,BA,Maths,96,72,1.8,3,874
875,Student_875,Female,Mumbai,BBA,Maths,47,64,1.9,1,875
876,Student_876,Male,Chennai,BA,Economics,40,84,2.3,3,876
877,Student_877,Female,Chennai,BTech,Computer,94,79,1.6,4,877
878,Student_878,Female,Delhi,BSc,English,48,77,2.2,2,878
879,Student_879,Male,Pune,BBA,English,,77,1.5,6,879
880,Student_880,Male,Bangalore,BTech,Computer,38,61,5.1,2,880
881,Student_881,Male,Bangalore,BCom,Economics,73,69,1.7,5,881
882,Student_882,Female,Bangalore,BSc,Science,,71,4.7,2,882
883,Student_883,Male,Delhi,BA,Maths,,72,1.2,1,883
884,Student_884,Female,Chennai,BSc,Economics,,70,5.7,4,884
885,Student_885,Female,Kolkata,BCom,Computer,97,78,4.6,3,885
886,Student_886,Male,Kolkata,BBA,Maths,72,94,1,4,886
887,Student_887,Male,Delhi,BBA,English,,98,4.8,6,887
888,Student_888,Female,Kolkata,BBA,Science,,85,3.6,2,888
889,Student_889,Female,Bangalore,BA,English,37,73,4.9,6,889
890,Student_890,Male,Pune,BTech,Computer,56,83,3.6,3,890
891,Student_891,Male,Mumbai,BTech,Maths,72,60,4.2,6,891
892,Student_892,Male,Chennai,BSc,Computer,96,81,4.9,5,892
893,Student_893,Male,Chennai,BA,Maths,,82,3,4,893
894,Student_894,Male,Delhi,BBA,Economics,40,78,1,3,894
895,Student_895,Female,Chennai,BBA,Science,,77,5.2,3,895
896,Student_896,Female,Bangalore,BCom,Economics,,71,2.9,3,896
897,Student_897,Female,Kolkata,BCom,Economics,37,87,3.5,1,897
898,Student_898,Female,Bangalore,BBA,Computer,,87,1,4,898
899,Student_899,Male,Delhi,BBA,Science,83,92,3.5,6,899
900,Student_900,Male,Bangalore,BA,Maths,,78,5.9,3,900
901,Student_901,Male,Kolkata,BTech,Maths,65,87,2.4,4,901
902,Student_902,Female,Pune,BCom,English,96,96,3,3,902
903,Student_903,Female,Delhi,BTech,Maths,,85,4.4,5,903
904,Student_904,Male,Pune,BA,Computer,75,94,5.1,5,904
905,Student_905,Male,Mumbai,BBA,Economics,65,93,3.1,5,905
906,Student_906,Female,Pune,BTech,Economics,56,94,2.5,2,906
907,Student_907,Female,Mumbai,BBA,Economics,38,99,5.7,3,907
908,Student_908,Male,Mumbai,BBA,Science,47,75,4.4,2,908
909,Student_909,Male,Pune,BSc,Maths,,97,1.6,4,909
910,Student_910,Female,Delhi,BTech,Computer,76,72,1.3,2,910
911,Student_911,Male,Kolkata,BTech,Science,83,82,3.4,4,911
912,Student_912,Male,Bangalore,BBA,English,54,81,2.1,4,912
913,Student_913,Male,Bangalore,BA,Computer,,75,2.3,4,913
914,Student_914,Female,Kolkata,BSc,Computer,70,87,5.4,6,914
915,Student_915,Female,Mumbai,BBA,Computer,35,94,1.4,2,915
916,Student_916,Female,Mumbai,BCom,Economics,49,67,4.6,6,916
917,Student_917,Female,Delhi,BCom,Computer,,81,2.4,3,917
918,Student_918,Female,Chennai,BSc,Maths,58,80,4.8,2,918
919,Student_919,Female,Pune,BA,Computer,92,85,4.6,3,919
920,Student_920,Female,Mumbai,BBA,Economics,57,99,1,3,920
921,Student_921,Male,Bangalore,BTech,Computer,80,80,3.5,4,921
922,Student_922,Male,Delhi,BSc,English,42,84,1.7,2,922
923,Student_923,Male,Pune,BA,English,,60,5.3,3,923
924,Student_924,Male,Delhi,BTech,Economics,,65,5.4,5,924
925,Student_925,Male,Pune,BCom,Maths,47,82,3.1,3,925
926,Student_926,Male,Pune,BCom,Maths,73,82,3.2,5,926
927,Student_927,Male,Kolkata,BTech,Science,,82,2.5,2,927
928,Student_928,Female,Mumbai,BSc,Economics,95,91,4.6,6,928
929,Student_929,Female,Delhi,BCom,Computer,50,89,2.8,2,929
930,Student_930,Male,Delhi,BBA,Economics,36,72,2.3,6,930
931,Student_931,Male,Kolkata,BTech,Science,,77,3.2,6,931
932,Student_932,Female,Bangalore,BTech,Economics,64,82,1.5,2,932
933,Student_933,Male,Bangalore,BCom,Economics,47,74,4.7,3,933
934,Student_934,Male,Mumbai,BSc,Science,47,92,1.1,1,934
935,Student_935,Female,Mumbai,BBA,Maths,77,80,4.2,3,935
936,Student_936,Male,Chennai,BSc,Computer,55,98,1.9,3,936
937,Student_937,Female,Kolkata,BA,Science,89,82,2.2,4,937
938,Student_938,Male,Bangalore,BA,English,74,86,4.2,4,938
939,Student_939,Female,Pune,BCom,Maths,49,77,6,3,939
940,Student_940,Female,Delhi,BCom,English,,83,4.9,5,940
941,Student_941,Female,Mumbai,BCom,Maths,,99,2.1,6,941
942,Student_942,Male,Delhi,BA,Computer,,66,1.9,4,942
943,Student_943,Female,Delhi,BSc,Computer,64,79,5.3,3,943
944,Student_944,Male,Chennai,BSc,Economics,67,86,3.2,1,944
945,Student_945,Male,Bangalore,BCom,English,,65,1.7,5,945
946,Student_946,Male,Mumbai,BBA,Maths,,86,5.3,2,946
947,Student_947,Male,Delhi,BSc,Computer,43,68,5.1,3,947
948,Student_948,Female,Mumbai,BA,Science,,90,5.9,3,948
949,Student_949,Female,Pune,BTech,Computer,35,80,5.5,6,949
950,Student_950,Male,Chennai,BTech,Science,78,85,5.3,5,950
951,Student_951,Male,Pune,BTech,Maths,43,99,1.3,4,951
952,Student_952,Female,Mumbai,BBA,Computer,,72,1.5,4,952
953,Student_953,Male,Mumbai,BCom,Computer,49,82,3.8,4,953
954,Student_954,Female,Bangalore,BA,Maths,46,79,3.7,2,954
955,Student_955,Male,Delhi,BBA,Computer,,96,3.3,5,955
956,Student_956,Male,Delhi,BA,Science,42,87,3,5,956
957,Student_957,Female,Pune,BA,Computer,61,76,3.2,4,957
958,Student_958,Male,Chennai,BCom,English,96,87,3.8,4,958
959,Student_959,Female,Kolkata,BTech,Economics,46,61,1,6,959
960,Student_960,Male,Delhi,BCom,Science,99,84,2.3,1,960
961,Student_961,Male,Bangalore,BBA,English,76,65,3.6,1,961
962,Student_962,Male,Pune,BBA,Maths,96,70,4.6,3,962
963,Student_963,Female,Pune,BBA,Science,,97,1.9,3,963
964,Student_964,Male,Kolkata,BCom,Economics,77,65,3.7,5,964
965,Student_965,Male,Bangalore,BA,Economics,,70,4.6,5,965
966,Student_966,Male,Chennai,BA,Maths,,73,3.2,2,966
967,Student_967,Male,Bangalore,BSc,Maths,74,61,1.1,2,967
968,Student_968,Female,Chennai,BBA,Science,57,99,3.2,1,968
969,Student_969,Female,Bangalore,BA,Computer,90,62,2.5,3,969
970,Student_970,Male,Bangalore,BSc,Maths,40,94,5.6,1,970
971,Student_971,Female,Mumbai,BA,Computer,,92,1.6,1,971
972,Student_972,Male,Pune,BBA,English,71,83,4.3,3,972
973,Student_973,Male,Bangalore,BTech,Economics,98,78,1.3,2,973
974,Student_974,Male,Kolkata,BBA,Computer,,77,3.2,6,974
975,Student_975,Female,Bangalore,BCom,Economics,83,83,3.8,6,975
976,Student_976,Female,Delhi,BA,Computer,,94,2.5,6,976
977,Student_977,Female,Pune,BA,English,83,60,3.3,3,977
978,Student_978,Female,Delhi,BCom,Maths,55,95,1.8,4,978
979,Student_979,Female,Pune,BCom,English,97,84,2.5,4,979
980,Student_980,Female,Delhi,BTech,Maths,,93,4.1,4,980
981,Student_981,Female,Bangalore,BA,Maths,,84,2.5,5,981
982,Student_982,Female,Bangalore,BA,Economics,40,75,5.5,2,982
983,Student_983,Female,Mumbai,BTech,English,53,93,4.1,2,983
984,Student_984,Male,Kolkata,BSc,Computer,90,88,3.2,5,984
985,Student_985,Female,Delhi,BTech,English,,78,1.2,1,985
986,Student_986,Female,Chennai,BBA,Economics,72,82,3.5,6,986
987,Student_987,Female,Mumbai,BA,Maths,71,78,4.8,4,987
988,Student_988,Female,Delhi,BCom,Economics,83,84,2.3,6,988
989,Student_989,Female,Delhi,BBA,Science,77,75,5,4,989
990,Student_990,Female,Mumbai,BA,Science,70,68,2.3,6,990
991,Student_991,Female,Bangalore,BTech,Computer,92,60,5.1,1,991
992,Student_992,Female,Delhi,BBA,Economics,47,78,1.4,6,992
993,Student_993,Female,Bangalore,BA,Computer,,92,5.3,6,993
994,Student_994,Female,Mumbai,BSc,Computer,92,93,3.5,3,994
995,Student_995,Female,Bangalore,BSc,Science,,75,2.5,6,995
996,Student_996,Male,Pune,BCom,Computer,94,99,2.3,3,996
997,Student_997,Male,Chennai,BA,Science,92,77,3.2,2,997
998,Student_998,Female,Delhi,BSc,Maths,90,93,6,5,998
999,Student_999,Female,Kolkata,BTech,Economics,,84,2.1,6,999
1000,Student_1000,Male,Chennai,BA,Computer,35,65,1.5,2,1000